{
  "vocab": {
    "omg": 15,
    "love": 11,
    "this": 22,
    "fun": 6,
    "check": 2,
    "out": 17,
    "my": 13,
    "new": 14,
    "photo": 18,
    "album": 0,
    "follow": 4,
    "me": 12,
    "on": 16,
    "journey": 9,
    "just": 10,
    "retweeted": 20,
    "cool": 3,
    "article": 1,
    "had": 8,
    "great": 7,
    "time": 23,
    "with": 25,
    "friends": 5,
    "today": 24,
    "post": 19,
    "story": 21
  },
  "classes": [
    "Facebook",
    "Instagram",
    "Twitter"
  ],
  "class_log_prior": [
    -1.0986122886681096,
    -1.0986122886681096,
    -1.0986122886681096
  ],
  "feature_log_prob": [
    [
      -2.9444389791664403,
      -3.6375861597263857,
      -2.9444389791664403,
      -3.6375861597263857,
      -3.6375861597263857,
      -2.9444389791664403,
      -3.6375861597263857,
      -2.9444389791664403,
      -2.9444389791664403,
      -3.6375861597263857,
      -3.6375861597263857,
      -3.6375861597263857,
      -3.6375861597263857,
      -2.9444389791664403,
      -2.9444389791664403,
      -3.6375861597263857,
      -3.6375861597263857,
      -2.9444389791664403,
      -2.9444389791664403,
      -3.6375861597263857,
      -3.6375861597263857,
      -3.6375861597263857,
      -3.6375861597263857,
      -2.9444389791664403,
      -2.9444389791664403,
      -2.9444389791664403
    ],
    [
      -3.58351893845611,
      -3.58351893845611,
      -3.58351893845611,
      -3.58351893845611,
      -2.8903717578961645,
      -3.58351893845611,
      -3.58351893845611,
      -3.58351893845611,
      -3.58351893845611,
      -2.8903717578961645,
      -3.58351893845611,
      -3.58351893845611,
      -2.8903717578961645,
      -2.484906649788,
      -2.8903717578961645,
      -3.58351893845611,
      -2.484906649788,
      -3.58351893845611,
      -3.58351893845611,
      -2.8903717578961645,
      -3.58351893845611,
      -2.8903717578961645,
      -3.58351893845611,
      -3.58351893845611,
      -3.58351893845611,
      -3.58351893845611
    ],
    [
      -3.5553480614894135,
      -2.862200880929468,
      -3.5553480614894135,
      -2.862200880929468,
      -3.5553480614894135,
      -3.5553480614894135,
      -2.862200880929468,
      -3.5553480614894135,
      -3.5553480614894135,
      -3.5553480614894135,
      -2.862200880929468,
      -2.862200880929468,
      -3.5553480614894135,
      -3.5553480614894135,
      -3.5553480614894135,
      -2.862200880929468,
      -3.5553480614894135,
      -3.5553480614894135,
      -3.5553480614894135,
      -3.5553480614894135,
      -2.862200880929468,
      -3.5553480614894135,
      -2.456735772821304,
      -3.5553480614894135,
      -3.5553480614894135,
      -3.5553480614894135
    ]
  ]
}